{
    "name": "pl_projeto",
    "properties": {
        "activities": [
            {
                "name": "02_extracao_dados_covid_github",
                "type": "DatabricksNotebook",
                "dependsOn": [
                    {
                        "activity": "01_validador_arquivos_carregados",
                        "dependencyConditions": [
                            "Succeeded"
                        ]
                    }
                ],
                "policy": {
                    "timeout": "0.12:00:00",
                    "retry": 0,
                    "retryIntervalInSeconds": 30,
                    "secureOutput": false,
                    "secureInput": false
                },
                "userProperties": [],
                "typeProperties": {
                    "notebookPath": "/Users/evandersiq@outlook.com.br/02_extracao_dados_covid_github"
                },
                "linkedServiceName": {
                    "referenceName": "00_setup",
                    "type": "LinkedServiceReference"
                }
            },
            {
                "name": "01_validador_arquivos_carregados",
                "type": "DatabricksNotebook",
                "dependsOn": [
                    {
                        "activity": "00_setup",
                        "dependencyConditions": [
                            "Succeeded"
                        ]
                    }
                ],
                "policy": {
                    "timeout": "0.12:00:00",
                    "retry": 0,
                    "retryIntervalInSeconds": 30,
                    "secureOutput": false,
                    "secureInput": false
                },
                "userProperties": [],
                "typeProperties": {
                    "notebookPath": "/Users/evandersiq@outlook.com.br/01_validador_arquivos_carregados"
                },
                "linkedServiceName": {
                    "referenceName": "00_setup",
                    "type": "LinkedServiceReference"
                }
            },
            {
                "name": "00_setup",
                "type": "DatabricksNotebook",
                "dependsOn": [],
                "policy": {
                    "timeout": "0.12:00:00",
                    "retry": 0,
                    "retryIntervalInSeconds": 30,
                    "secureOutput": false,
                    "secureInput": false
                },
                "userProperties": [],
                "typeProperties": {
                    "notebookPath": "/Users/evandersiq@outlook.com.br/00_setup"
                },
                "linkedServiceName": {
                    "referenceName": "00_setup",
                    "type": "LinkedServiceReference"
                }
            },
            {
                "name": "nao_tem_novas_dadas",
                "description": "Check se tem novos dados a serem processados.",
                "type": "IfCondition",
                "dependsOn": [
                    {
                        "activity": "02_extracao_dados_covid_github",
                        "dependencyConditions": [
                            "Succeeded"
                        ]
                    }
                ],
                "userProperties": [],
                "typeProperties": {
                    "expression": {
                        "value": "@equals(activity('02_extracao_dados_covid_github').output.runOutput, 'Não tem faltantes')",
                        "type": "Expression"
                    },
                    "ifFalseActivities": [
                        {
                            "name": "03_qualidade_raw_trusted",
                            "type": "DatabricksNotebook",
                            "dependsOn": [],
                            "policy": {
                                "timeout": "0.12:00:00",
                                "retry": 0,
                                "retryIntervalInSeconds": 30,
                                "secureOutput": false,
                                "secureInput": false
                            },
                            "userProperties": [],
                            "typeProperties": {
                                "notebookPath": "/Users/evandersiq@outlook.com.br/03_teste_qualidade_raw_trusted"
                            },
                            "linkedServiceName": {
                                "referenceName": "00_setup",
                                "type": "LinkedServiceReference"
                            }
                        },
                        {
                            "name": "04_refined",
                            "type": "DatabricksNotebook",
                            "dependsOn": [
                                {
                                    "activity": "03_qualidade_raw_trusted",
                                    "dependencyConditions": [
                                        "Succeeded"
                                    ]
                                }
                            ],
                            "policy": {
                                "timeout": "0.12:00:00",
                                "retry": 0,
                                "retryIntervalInSeconds": 30,
                                "secureOutput": false,
                                "secureInput": false
                            },
                            "userProperties": [],
                            "typeProperties": {
                                "notebookPath": "/Users/evandersiq@outlook.com.br/04_refined"
                            },
                            "linkedServiceName": {
                                "referenceName": "00_setup",
                                "type": "LinkedServiceReference"
                            }
                        }
                    ],
                    "ifTrueActivities": [
                        {
                            "name": "msg_sem_novas_atualizacoes",
                            "type": "SetVariable",
                            "dependsOn": [],
                            "policy": {
                                "timeout": "0.12:00:00",
                                "retry": 0,
                                "retryIntervalInSeconds": 30,
                                "secureOutput": false,
                                "secureInput": false
                            },
                            "userProperties": [],
                            "typeProperties": {
                                "variableName": "pipelineReturnValue",
                                "value": [
                                    {
                                        "key": "status_atualizacao",
                                        "value": {
                                            "type": "String",
                                            "content": "não tem novas datas para serem atualizadas"
                                        }
                                    }
                                ],
                                "setSystemVariable": true
                            }
                        }
                    ]
                }
            }
        ],
        "annotations": [],
        "lastPublishTime": "2023-06-24T18:40:06Z"
    },
    "type": "Microsoft.DataFactory/factories/pipelines"
}