{
    "now": "2023-06-24T18:51:39.305Z",
    "perfNow": 36468.29999999702,
    "diagnosticCorrelation": "f6510116-c14d-4d28-a099-7b17eaf19abc",
    "source": "DownloadSupportFiles",
    "environment": {
        "productName": "adf",
        "buildVersion": "1.0.062123.9",
        "environmentType": 3,
        "resourceName": "grupo-d-ingestao",
        "resourceRegion": "eastus",
        "resourceGroup": "azureStudent",
        "subscriptionId": "65885200-1e31-4128-94c7-434f06e21530",
        "sessionId": "OtpTk29pVmCvFPzT3RvfL6",
        "operationId": "",
        "gitType": "live",
        "loggingKey": "6d1ae226-f17f-448b-9613-cbc770a04f3b"
    },
    "additionalInfo": {
        "selectedResource": "pl_projeto",
        "selectedResourceType": "pipeline"
    }
}